model,MAE,RMSE,R2,rank_rmse,rank_mae,rank_r2,composite_rank
blend_alpha_0.90,677003.825942404,908371.8023730572,0.5784223837886896,1.0,1.0,1.0,1.0
gbr_recursive,683882.6994308435,913893.1127280779,0.5770803402414435,2.0,2.0,2.0,2.0
seasonal_year_lag365,837446.1179444445,1134986.0331835563,0.2843346683698708,3.0,3.0,3.0,3.0
