metric,value
MAE,401272.1196276333
RMSE,529105.7818299521
R2,0.6219857209687298
best_blend_alpha,0.9
